[["format_version", "2.4"], ["pymorphy2_version", "0.8"], ["compiled_at", "2015-01-17T16:03:56.586168"], ["source", "opencorpora.org"], ["source_version", "0.92"], ["source_revision", "393442"], ["source_lexemes_count", 389274], ["source_links_count", 256503], ["gramtab_length", 4716], ["gramtab_formats", {"opencorpora-ext": "gramtab-opencorpora-ext.json", "opencorpora-int": "gramtab-opencorpora-int.json"}], ["paradigms_length", 3152], ["suffixes_length", 15386], ["words_dawg_length", 5096053], ["prediction_options", {"max_suffix_length": 5, "min_ending_freq": 2, "min_paradigm_popularity": 3}], ["prediction_suffixes_dawg_lengths", [365644, 1929, 21]], ["prediction_prefixes_dawg_length", 144], ["paradigm_prefixes_length", 3], ["P(t|w)", true], ["P(t|w)_unique_words", 20514], ["P(t|w)_outcomes", 240064], ["P(t|w)_min_word_freq", 1]]